{
  "metadata": {
    "timestamp": "2025-01-22T00:19:35.284160",
    "filename": "EPA_Lead_Information_Pamphlet.pdf",
    "document_title": "leadpdfe.pdf",
    "number_of_pages": 16,
    "versions": {
      "pymupdf": [
        "1.25.1",
        "1.25.2",
        "20241211000001"
      ]
    },
    "summary": "This is a document used in real estate transactions to provide potential buyers with essential information about a property."
  },
  "summary": {
    "total_fields": 32,
    "fields_by_type": {
      "text": 32
    },
    "fields_by_page": {
      "3": 2,
      "4": 2,
      "5": 4,
      "6": 2,
      "7": 3,
      "8": 2,
      "9": 2,
      "10": 1,
      "11": 3,
      "12": 3,
      "13": 2,
      "14": 3,
      "16": 3
    }
  },
  "fields": {
    "text_0": {
      "question": "",
      "type": "text",
      "page": 3,
      "rect": {
        "x0": 151.56,
        "y0": 442.44,
        "x1": 208.44,
        "y1": 453.24
      },
      "value": null,
      "possible_answers": null
    },
    "text_1": {
      "question": "",
      "type": "text",
      "page": 3,
      "rect": {
        "x0": 151.56,
        "y0": 358.91999999999996,
        "x1": 208.07999999999998,
        "y1": 369.71999999999997
      },
      "value": null,
      "possible_answers": null
    },
    "text_2": {
      "question": "",
      "type": "text",
      "page": 4,
      "rect": {
        "x0": 144.35999999999999,
        "y0": 630.72,
        "x1": 468.35999999999996,
        "y1": 641.52
      },
      "value": null,
      "possible_answers": null
    },
    "text_3": {
      "question": "",
      "type": "text",
      "page": 4,
      "rect": {
        "x0": 144.35999999999999,
        "y0": 156.23999999999998,
        "x1": 468.35999999999996,
        "y1": 167.04
      },
      "value": null,
      "possible_answers": null
    },
    "text_4": {
      "question": "",
      "type": "text",
      "page": 5,
      "rect": {
        "x0": 144.35999999999999,
        "y0": 465.47999999999996,
        "x1": 234.35999999999999,
        "y1": 476.28
      },
      "value": null,
      "possible_answers": null
    },
    "text_5": {
      "question": "",
      "type": "text",
      "page": 5,
      "rect": {
        "x0": 144.35999999999999,
        "y0": 362.15999999999997,
        "x1": 234.35999999999999,
        "y1": 372.96
      },
      "value": null,
      "possible_answers": null
    },
    "text_6": {
      "question": "",
      "type": "text",
      "page": 5,
      "rect": {
        "x0": 144.35999999999999,
        "y0": 316.44,
        "x1": 234.35999999999999,
        "y1": 327.24
      },
      "value": null,
      "possible_answers": null
    },
    "text_7": {
      "question": "",
      "type": "text",
      "page": 5,
      "rect": {
        "x0": 144.35999999999999,
        "y0": 170.64,
        "x1": 234.35999999999999,
        "y1": 181.44
      },
      "value": null,
      "possible_answers": null
    },
    "text_8": {
      "question": "@ High pressure.",
      "type": "text",
      "page": 6,
      "rect": {
        "x0": 378.36,
        "y0": 560.52,
        "x1": 468.35999999999996,
        "y1": 571.3199999999999
      },
      "value": null,
      "possible_answers": null
    },
    "text_9": {
      "question": "@ Harm to a fetus, including brain",
      "type": "text",
      "page": 6,
      "rect": {
        "x0": 378.36,
        "y0": 507.59999999999997,
        "x1": 468.35999999999996,
        "y1": 518.4
      },
      "value": null,
      "possible_answers": null
    },
    "text_10": {
      "question": "",
      "type": "text",
      "page": 7,
      "rect": {
        "x0": 144.35999999999999,
        "y0": 498.96,
        "x1": 233.64,
        "y1": 509.76
      },
      "value": null,
      "possible_answers": null
    },
    "text_11": {
      "question": "",
      "type": "text",
      "page": 7,
      "rect": {
        "x0": 145.44,
        "y0": 385.56,
        "x1": 234.35999999999999,
        "y1": 396.36
      },
      "value": null,
      "possible_answers": null
    },
    "text_12": {
      "question": "",
      "type": "text",
      "page": 7,
      "rect": {
        "x0": 144.35999999999999,
        "y0": 171.72,
        "x1": 232.56,
        "y1": 182.51999999999998
      },
      "value": null,
      "possible_answers": null
    },
    "text_13": {
      "question": "",
      "type": "text",
      "page": 8,
      "rect": {
        "x0": 377.28,
        "y0": 344.52,
        "x1": 467.28,
        "y1": 355.32
      },
      "value": null,
      "possible_answers": null
    },
    "text_14": {
      "question": "",
      "type": "text",
      "page": 8,
      "rect": {
        "x0": 377.28,
        "y0": 169.56,
        "x1": 467.28,
        "y1": 180.35999999999999
      },
      "value": null,
      "possible_answers": null
    },
    "text_15": {
      "question": "",
      "type": "text",
      "page": 9,
      "rect": {
        "x0": 145.44,
        "y0": 292.32,
        "x1": 235.44,
        "y1": 303.12
      },
      "value": null,
      "possible_answers": null
    },
    "text_16": {
      "question": "",
      "type": "text",
      "page": 9,
      "rect": {
        "x0": 145.44,
        "y0": 170.28,
        "x1": 235.44,
        "y1": 181.07999999999998
      },
      "value": null,
      "possible_answers": null
    },
    "text_17": {
      "question": "",
      "type": "text",
      "page": 10,
      "rect": {
        "x0": 145.44,
        "y0": 145.44,
        "x1": 467.28,
        "y1": 156.23999999999998
      },
      "value": null,
      "possible_answers": null
    },
    "text_18": {
      "question": "",
      "type": "text",
      "page": 11,
      "rect": {
        "x0": 145.44,
        "y0": 422.64,
        "x1": 235.44,
        "y1": 433.44
      },
      "value": null,
      "possible_answers": null
    },
    "text_19": {
      "question": "",
      "type": "text",
      "page": 11,
      "rect": {
        "x0": 145.44,
        "y0": 351.0,
        "x1": 235.44,
        "y1": 361.8
      },
      "value": null,
      "possible_answers": null
    },
    "text_20": {
      "question": "",
      "type": "text",
      "page": 11,
      "rect": {
        "x0": 145.44,
        "y0": 169.56,
        "x1": 235.44,
        "y1": 180.35999999999999
      },
      "value": null,
      "possible_answers": null
    },
    "text_21": {
      "question": "about other safety measures by calling",
      "type": "text",
      "page": 12,
      "rect": {
        "x0": 378.36,
        "y0": 477.0,
        "x1": 468.35999999999996,
        "y1": 487.79999999999995
      },
      "value": null,
      "possible_answers": null
    },
    "text_22": {
      "question": "",
      "type": "text",
      "page": 12,
      "rect": {
        "x0": 378.36,
        "y0": 308.15999999999997,
        "x1": 468.35999999999996,
        "y1": 318.96
      },
      "value": null,
      "possible_answers": null
    },
    "text_23": {
      "question": "",
      "type": "text",
      "page": 12,
      "rect": {
        "x0": 147.96,
        "y0": 151.92,
        "x1": 467.28,
        "y1": 162.72
      },
      "value": null,
      "possible_answers": null
    },
    "text_24": {
      "question": "",
      "type": "text",
      "page": 13,
      "rect": {
        "x0": 144.35999999999999,
        "y0": 381.24,
        "x1": 234.35999999999999,
        "y1": 392.03999999999996
      },
      "value": null,
      "possible_answers": null
    },
    "text_25": {
      "question": "",
      "type": "text",
      "page": 13,
      "rect": {
        "x0": 144.35999999999999,
        "y0": 289.8,
        "x1": 234.35999999999999,
        "y1": 300.59999999999997
      },
      "value": null,
      "possible_answers": null
    },
    "text_26": {
      "question": "",
      "type": "text",
      "page": 14,
      "rect": {
        "x0": 144.35999999999999,
        "y0": 642.24,
        "x1": 468.35999999999996,