{
  "metadata": {
    "timestamp": "2025-02-20T11:33:19.505383",
    "filename": "form-4-T-6_TzJuJgd.pdf",
    "document_title": "AGREEMENT TO AMEND CONTRACT",
    "number_of_pages": 2,
    "versions": {
      "pymupdf": [
        "1.25.1",
        "1.25.2",
        "20241211000001"
      ]
    },
    "summary": "This is a document used in real estate transactions to provide potential buyers with essential information about a property."
  },
  "summary": {
    "total_fields": 44,
    "fields_by_type": {
      "text": 44
    },
    "fields_by_page": {
      "1": 27,
      "2": 17
    }
  },
  "fields": {
    "text_0": {
      "question": "",
      "type": "text",
      "page": 1,
      "rect": {
        "x0": 309.12,
        "y0": 765.1281429869737,
        "x1": 328.32,
        "y1": 772.3259618297485
      },
      "value": null,
      "possible_answers": null
    },
    "text_1": {
      "question": "",
      "type": "text",
      "page": 1,
      "rect": {
        "x0": 164.88,
        "y0": 765.3680702817328,
        "x1": 199.68,
        "y1": 772.5658891245077
      },
      "value": null,
      "possible_answers": null
    },
    "text_2": {
      "question": "",
      "type": "text",
      "page": 1,
      "rect": {
        "x0": 336.24,
        "y0": 765.3680702817328,
        "x1": 370.8,
        "y1": 772.5658891245077
      },
      "value": null,
      "possible_answers": null
    },
    "text_3": {
      "question": "",
      "type": "text",
      "page": 1,
      "rect": {
        "x0": 86.88,
        "y0": 621.4116934262345,
        "x1": 341.28,
        "y1": 628.6095122690094
      },
      "value": null,
      "possible_answers": null
    },
    "text_4": {
      "question": "",
      "type": "text",
      "page": 1,
      "rect": {
        "x0": 86.88,
        "y0": 586.8621629809148,
        "x1": 341.28,
        "y1": 594.0599818236898
      },
      "value": null,
      "possible_answers": null
    },
    "text_5": {
      "question": "Somes Ecce Age leer ccs",
      "type": "text",
      "page": 1,
      "rect": {
        "x0": 283.2,
        "y0": 545.8345955770978,
        "x1": 311.03999999999996,
        "y1": 553.0324144198728
      },
      "value": null,
      "possible_answers": null
    },
    "text_6": {
      "question": "Bans bee the smmmt of $",
      "type": "text",
      "page": 1,
      "rect": {
        "x0": 208.56,
        "y0": 501.6879733414117,
        "x1": 388.08,
        "y1": 508.8857921841866
      },
      "value": null,
      "possible_answers": null
    },
    "text_7": {
      "question": "Bans bee the smmmt of $ the",
      "type": "text",
      "page": 1,
      "rect": {
        "x0": 424.32,
        "y0": 495.20993638291424,
        "x1": 459.84,
        "y1": 502.4077552256892
      },
      "value": null,
      "possible_answers": null
    },
    "text_8": {
      "question": "O Escuew Agee The Esmamw and Ageetis the Escumw hemeber Ages\u2019 cheered came to:",
      "type": "text",
      "page": 1,
      "rect": {
        "x0": 277.2,
        "y0": 478.65495304453196,
        "x1": 571.92,
        "y1": 485.85277188730686
      },
      "value": null,
      "possible_answers": null
    },
    "text_9": {
      "question": "",
      "type": "text",
      "page": 1,
      "rect": {
        "x0": 36.0,
        "y0": 455.62193274765224,
        "x1": 210.48,
        "y1": 462.81975159042713
      },
      "value": null,
      "possible_answers": null
    },
    "text_10": {
      "question": "Ages Oe iS Eee ee ce cheers! to ee crime Gah 500 pm. on:",
      "type": "text",
      "page": 1,
      "rect": {
        "x0": 266.4,
        "y0": 400.43865495304453,
        "x1": 405.84,
        "y1": 407.6364737958194
      },
      "value": null,
      "possible_answers": null
    },
    "text_11": {
      "question": "to: $",
      "type": "text",
      "page": 1,
      "rect": {
        "x0": 54.0,
        "y0": 365.88912450772494,
        "x1": 198.72,
        "y1": 373.08694335049984
      },
      "value": null,
      "possible_answers": null
    },
    "text_12": {
      "question": "0 aim Earnest Meeeg. The (/aiianel) Exmest Mowry Daa is kemaisy Commer! fame: $",
      "type": "text",
      "page": 1,
      "rect": {
        "x0": 445.91999999999996,
        "y0": 354.6125416540442,
        "x1": 575.52,
        "y1": 361.81036049681916
      },
      "value": null,
      "possible_answers": null
    },
    "text_13": {
      "question": "QO) Peete Prive. The Poocimee Price is beer cle! See $ to: $",
      "type": "text",
      "page": 1,
      "rect": {
        "x0": 463.44,
        "y0": 333.4989397152378,
        "x1": 482.88,
        "y1": 340.69675855801273
      },
      "value": null,
      "possible_answers": null
    },
    "text_14": {
      "question": "QO) Peete Prive. The Poocimee Price is beer cle! See $",
      "type": "text",
      "page": 1,
      "rect": {
        "x0": 298.56,
        "y0": 333.73886700999697,
        "x1": 427.91999999999996,
        "y1": 340.93668585277186
      },
      "value": null,
      "possible_answers": null
    },
    "text_15": {
      "question": "be ferthy edmkimmes! eee! Ont reteceerl fee the Comme by Geter Brmery",
      "type": "text",
      "page": 1,
      "rect": {
        "x0": 336.96,
        "y0": 292.9512269009391,
        "x1": 357.84,
        "y1": 300.149045743714
      },
      "value": null,
      "possible_answers": null
    },
    "text_16": {
      "question": "emma to all coeeets aaa pekrteses geeen Beseerin the Cemieert",
      "type": "text",
      "page": 1,
      "rect": {
        "x0": 331.92,
        "y0": 281.43471675249924,
        "x1": 352.56,
        "y1": 288.63253559527413
      },
      "value": null,
      "possible_answers": null
    },
    "text_17": {
      "question": "a\u00e9led the",
      "type": "text",
      "page": 1,
      "rect": {
        "x0": 96.47999999999999,
        "y0": 259.121478339897,
        "x1": 124.08,
        "y1": 266.3192971826719
      },
      "value": null,
      "possible_answers": null
    },
    "text_18": {
      "question": "a\u00e9led the Cemmect as sulk) beeper ged wet] be",
      "type": "text",
      "page": 1,
      "rect": {
        "x0": 269.76,
        "y0": 259.6013329294153,
        "x1": 303.84,
        "y1": 266.7991517721902
      },
      "value": null,
      "possible_answers": null
    },
    "text_19": {
      "question": "OO) Aciztheome?! Bueer, By Stommme Sits smut, (eet noe aay)",
      "type": "text",
      "page": 1,
      "rect": {
        "x0": 316.56,
        "y0": 253.36322326567705,
        "x1": 565.92,
        "y1": 260.561042108452
      },
      "value": null,
      "possible_answers": null
    },
    "text_20": {
      "question": "eam 12-7) (\u201cCommeact\u2019?) commie the pameciomec ame sate of the fans pempcery Goscrt peecty anieess",
      "type": "text",
      "page": 1,
      "rect": {
        "x0": 473.76,
        "y0": 184.26416237503787,
        "x1": 573.36,
        "y1": 191.4619812178128
      },
      "value": null,
      "possible_answers": null
    },
    "text_21": {
      "question": "",
      "type": "text",
      "page": 1,
      "rect": {
        "x0": 531.12,
        "y0": 85.89397152378066,
        "x1": 555.36,
        "y1": 93.09179036655559
      },
      "value": null,
      "possible_answers": null
    },
    "text_22": {
      "question": "",
      "type": "text",
      "page": 1,
      "rect": {
        "x0": 168.23999999999998,
        "y0": 85.89397152378066,
        "x1": 188.16,
        "y1": 93.09179036655559
      },
      "value": null,
      "possible_answers": null
    },
    "text_23": {
      "question": "",
      "type": "text",
      "page": 1,
      "rect": {
        "x0": 316.56,
        "y0": 86.85368070281733,
        "x1": 342.96,
        "y1": 94.05149954559224
      },
      "value": null,
      "possible_answers": null
    },
    "text_24": {
      "question": "",
      "type": "text",